Id,IndicatorCode,SpatialDimType,SpatialDim,TimeDimType,TimeDim,Dim1Type,Dim1,Dim2Type,Dim2,Dim3Type,Dim3,DataSourceDimType,DataSourceDim,Value,NumericValue,Low,High,Comments,Date,TimeDimensionValue,TimeDimensionBegin,TimeDimensionEnd
25263077,RS_198,COUNTRY,ATG,YEAR,2019,SEX,BTSX,,,,,,,0.0 [0.0-0.0],0.0,0.0,0.0,,2021-02-09T16:22:34.78+01:00,2019,2019-01-01T00:00:00+01:00,2019-12-31T00:00:00+01:00
25263981,RS_198,COUNTRY,AUS,YEAR,2019,SEX,BTSX,,,,,,,4.9 [3.9-6.1],4.93914,3.9044,6.09235,,2021-02-09T16:22:59.753+01:00,2019,2019-01-01T00:00:00+01:00,2019-12-31T00:00:00+01:00
25264908,RS_198,COUNTRY,AUT,YEAR,2019,SEX,BTSX,,,,,,,4.9 [3.8-6.1],4.86592,3.83464,6.06026,,2021-02-09T16:23:23.37+01:00,2019,2019-01-01T00:00:00+01:00,2019-12-31T00:00:00+01:00
25283809,RS_198,COUNTRY,CHE,YEAR,2019,SEX,BTSX,,,,,,,2.2 [1.7-2.9],2.24644,1.68936,2.89022,,2021-02-09T16:31:08.547+01:00,2019,2019-01-01T00:00:00+01:00,2019-12-31T00:00:00+01:00
25296399,RS_198,COUNTRY,DEU,YEAR,2019,SEX,BTSX,,,,,,,3.8 [3.0-4.7],3.78353,3.02129,4.65401,,2021-02-09T16:36:15.503+01:00,2019,2019-01-01T00:00:00+01:00,2019-12-31T00:00:00+01:00
25298206,RS_198,COUNTRY,DNK,YEAR,2019,SEX,BTSX,,,,,,,3.7 [2.9-4.7],3.69833,2.86239,4.67602,,2021-02-09T16:36:56.963+01:00,2019,2019-01-01T00:00:00+01:00,2019-12-31T00:00:00+01:00
25303612,RS_198,COUNTRY,ESP,YEAR,2019,SEX,BTSX,,,,,,,3.9 [3.1-4.8],3.91405,3.09493,4.81146,,2021-02-09T16:39:04.927+01:00,2019,2019-01-01T00:00:00+01:00,2019-12-31T00:00:00+01:00
25304500,RS_198,COUNTRY,EST,YEAR,2019,SEX,BTSX,,,,,,,4.5 [3.1-6.3],4.46408,3.05623,6.32485,,2021-02-09T16:39:26.17+01:00,2019,2019-01-01T00:00:00+01:00,2019-12-31T00:00:00+01:00
25306262,RS_198,COUNTRY,FIN,YEAR,2019,SEX,BTSX,,,,,,,3.9 [3.0-5.0],3.88637,2.95779,4.99306,,2021-02-09T16:40:10.367+01:00,2019,2019-01-01T00:00:00+01:00,2019-12-31T00:00:00+01:00
25308972,RS_198,COUNTRY,FSM,YEAR,2019,SEX,BTSX,,,,,,,0.2 [0.1-0.3],0.15972,0.07172,0.25878,,2021-02-09T16:41:16.14+01:00,2019,2019-01-01T00:00:00+01:00,2019-12-31T00:00:00+01:00
25310762,RS_198,COUNTRY,GBR,YEAR,2019,SEX,BTSX,,,,,,,3.2 [3.0-3.4],3.21187,2.99605,3.41545,,2021-02-09T16:41:57.893+01:00,2019,2019-01-01T00:00:00+01:00,2019-12-31T00:00:00+01:00
25326084,RS_198,COUNTRY,IRL,YEAR,2019,SEX,BTSX,,,,,,,3.1 [2.3-4.1],3.13364,2.33177,4.05144,,2021-02-09T16:48:08.14+01:00,2019,2019-01-01T00:00:00+01:00,2019-12-31T00:00:00+01:00
25328814,RS_198,COUNTRY,ISL,YEAR,2019,SEX,BTSX,,,,,,,2.0 [1.4-2.8],2.04915,1.4291,2.76779,,2021-02-09T16:49:11.167+01:00,2019,2019-01-01T00:00:00+01:00,2019-12-31T00:00:00+01:00
25329697,RS_198,COUNTRY,ISR,YEAR,2019,SEX,BTSX,,,,,,,3.9 [3.1-4.9],3.90874,3.06123,4.88061,,2021-02-09T16:49:31.27+01:00,2019,2019-01-01T00:00:00+01:00,2019-12-31T00:00:00+01:00
25333279,RS_198,COUNTRY,JPN,YEAR,2019,SEX,BTSX,,,,,,,3.6 [3.2-3.9],3.59908,3.16682,3.94837,,2021-02-09T16:50:55.757+01:00,2019,2019-01-01T00:00:00+01:00,2019-12-31T00:00:00+01:00
25337776,RS_198,COUNTRY,KIR,YEAR,2019,SEX,BTSX,,,,,,,1.9 [1.1-3.0],1.92481,1.10324,2.98022,,2021-02-09T16:52:38.377+01:00,2019,2019-01-01T00:00:00+01:00,2019-12-31T00:00:00+01:00
25347667,RS_198,COUNTRY,LUX,YEAR,2019,SEX,BTSX,,,,,,,4.1 [3.0-5.4],4.07499,3.03549,5.399,,2021-02-09T16:56:23.73+01:00,2019,2019-01-01T00:00:00+01:00,2019-12-31T00:00:00+01:00
25352172,RS_198,COUNTRY,MDV,YEAR,2019,SEX,BTSX,,,,,,,1.6 [1.0-2.4],1.6277,1.04815,2.38929,,2021-02-09T16:58:06.943+01:00,2019,2019-01-01T00:00:00+01:00,2019-12-31T00:00:00+01:00
25355795,RS_198,COUNTRY,MLT,YEAR,2019,SEX,BTSX,,,,,,,4.1 [2.9-5.6],4.10715,2.86625,5.55263,,2021-02-09T16:59:28.897+01:00,2019,2019-01-01T00:00:00+01:00,2019-12-31T00:00:00+01:00
25367485,RS_198,COUNTRY,NLD,YEAR,2019,SEX,BTSX,,,,,,,4.0 [3.1-5.0],3.98313,3.12867,4.96998,,2021-02-09T17:04:09.29+01:00,2019,2019-01-01T00:00:00+01:00,2019-12-31T00:00:00+01:00
25368358,RS_198,COUNTRY,NOR,YEAR,2019,SEX,BTSX,,,,,,,2.1 [1.9-2.4],2.12302,1.91303,2.39625,,2021-02-09T17:04:29.733+01:00,2019,2019-01-01T00:00:00+01:00,2019-12-31T00:00:00+01:00
25386375,RS_198,COUNTRY,SGP,YEAR,2019,SEX,BTSX,,,,,,,2.1 [1.6-2.7],2.08609,1.58343,2.69635,,2021-02-09T17:11:44.887+01:00,2019,2019-01-01T00:00:00+01:00,2019-12-31T00:00:00+01:00
25396290,RS_198,COUNTRY,SWError,YEAR,2019,SEX,BTSX,,,,,,,3.1 [2.5-3.9],3.13947,2.52029,3.87166,,2021-02-09T17:15:33.01+01:00,2019,2019-01-01T00:00:00+01:00,2019-12-31T00:00:00+01:00
25263096,RS_198,COUNTRY,ATG,YEAR,2018,SEX,BTSX,,,,,,,0.0 [0.0-0.0],0.0,0.0,0.0,,2021-02-09T16:22:35.33+01:00,2018,2018-01-01T00:00:00+01:00,2018-12-31T00:00:00+01:00
25263959,RS_198,COUNTRY,AUS,YEAR,2018,SEX,BTSX,,,,,,,4.8 [3.9-5.8],4.79252,3.85166,5.83613,,2021-02-09T16:22:59.247+01:00,2018,2018-01-01T00:00:00+01:00,2018-12-31T00:00:00+01:00
25264879,RS_198,COUNTRY,AUT,YEAR,2018,SEX,BTSX,,,,,,,4.8 [3.9-5.9],4.82083,3.85289,5.91664,,2021-02-09T16:23:22.677+01:00,2018,2018-01-01T00:00:00+01:00,2018-12-31T00:00:00+01:00
25283761,RS_198,COUNTRY,CHE,YEAR,2018,SEX,BTSX,,,,,,,2.8 [2.1-3.6],2.81505,2.14837,3.58592,,2021-02-09T16:31:07.57+01:00,2018,2018-01-01T00:00:00+01:00,2018-12-31T00:00:00+01:00
25296364,RS_198,COUNTRY,DEU,YEAR,2018,SEX,BTSX,,,,,,,4.1 [3.3-5.0],4.08963,3.31,4.97238,,2021-02-09T16:36:14.727+01:00,2018,2018-01-01T00:00:00+01:00,2018-12-31T00:00:00+01:00
25298201,RS_198,COUNTRY,DNK,YEAR,2018,SEX,BTSX,,,,,,,3.2 [2.5-4.0],3.18606,2.47838,4.01978,,2021-02-09T16:36:56.773+01:00,2018,2018-01-01T00:00:00+01:00,2018-12-31T00:00:00+01:00
25303564,RS_198,COUNTRY,ESP,YEAR,2018,SEX,BTSX,,,,,,,4.1 [3.3-5.0],4.10744,3.2954,4.9902,,2021-02-09T16:39:03.853+01:00,2018,2018-01-01T00:00:00+01:00,2018-12-31T00:00:00+01:00
25306305,RS_198,COUNTRY,FIN,YEAR,2018,SEX,BTSX,,,,,,,4.5 [3.4-5.7],4.45444,3.42972,5.65136,,2021-02-09T16:40:11.343+01:00,2018,2018-01-01T00:00:00+01:00,2018-12-31T00:00:00+01:00
25308959,RS_198,COUNTRY,FSM,YEAR,2018,SEX,BTSX,,,,,,,0.2 [0.1-0.3],0.21282,0.09636,0.34427,,2021-02-09T16:41:15.843+01:00,2018,2018-01-01T00:00:00+01:00,2018-12-31T00:00:00+01:00
25310789,RS_198,COUNTRY,GBR,YEAR,2018,SEX,BTSX,,,,,,,3.0 [2.8-3.2],3.01805,2.82362,3.20348,,2021-02-09T16:41:58.54+01:00,2018,2018-01-01T00:00:00+01:00,2018-12-31T00:00:00+01:00
25326079,RS_198,COUNTRY,IRL,YEAR,2018,SEX,BTSX,,,,,,,3.0 [2.3-3.9],3.02987,2.28165,3.88919,,2021-02-09T16:48:08.013+01:00,2018,2018-01-01T00:00:00+01:00,2018-12-31T00:00:00+01:00
25329698,RS_198,COUNTRY,ISR,YEAR,2018,SEX,BTSX,,,,,,,3.4 [2.7-4.2],3.40034,2.69229,4.19658,,2021-02-09T16:49:31.283+01:00,2018,2018-01-01T00:00:00+01:00,2018-12-31T00:00:00+01:00
25333306,RS_198,COUNTRY,JPN,YEAR,2018,SEX,BTSX,,,,,,,3.7 [3.2-4.0],3.65422,3.23254,4.00066,,2021-02-09T16:50:56.477+01:00,2018,2018-01-01T00:00:00+01:00,2018-12-31T00:00:00+01:00
25337763,RS_198,COUNTRY,KIR,YEAR,2018,SEX,BTSX,,,,,,,2.1 [1.2-3.3],2.13185,1.22732,3.29827,,2021-02-09T16:52:38.11+01:00,2018,2018-01-01T00:00:00+01:00,2018-12-31T00:00:00+01:00
25352190,RS_198,COUNTRY,MDV,YEAR,2018,SEX,BTSX,,,,,,,1.7 [1.1-2.5],1.722,1.12423,2.5119,,2021-02-09T16:58:07.303+01:00,2018,2018-01-01T00:00:00+01:00,2018-12-31T00:00:00+01:00
25355785,RS_198,COUNTRY,MLT,YEAR,2018,SEX,BTSX,,,,,,,4.6 [3.2-6.2],4.63235,3.24632,6.23313,,2021-02-09T16:59:28.69+01:00,2018,2018-01-01T00:00:00+01:00,2018-12-31T00:00:00+01:00
25367483,RS_198,COUNTRY,NLD,YEAR,2018,SEX,BTSX,,,,,,,4.1 [3.3-5.1],4.09741,3.25413,5.06976,,2021-02-09T17:04:09.24+01:00,2018,2018-01-01T00:00:00+01:00,2018-12-31T00:00:00+01:00
25368360,RS_198,COUNTRY,NOR,YEAR,2018,SEX,BTSX,,,,,,,2.1 [1.9-2.4],2.13929,1.93113,2.41097,,2021-02-09T17:04:29.78+01:00,2018,2018-01-01T00:00:00+01:00,2018-12-31T00:00:00+01:00
25386377,RS_198,COUNTRY,SGP,YEAR,2018,SEX,BTSX,,,,,,,2.3 [1.8-2.9],2.27601,1.75159,2.9105,,2021-02-09T17:11:44.933+01:00,2018,2018-01-01T00:00:00+01:00,2018-12-31T00:00:00+01:00
25395399,RS_198,COUNTRY,SVN,YEAR,2018,SEX,BTSX,,,,,,,4.5 [3.2-6.2],4.52394,3.18679,6.23304,,2021-02-09T17:15:11.477+01:00,2018,2018-01-01T00:00:00+01:00,2018-12-31T00:00:00+01:00
25396263,RS_198,COUNTRY,SWE,YEAR,2018,SEX,BTSX,,,,,,,3.6 [2.9-4.4],3.61718,2.92241,4.43558,,2021-02-09T17:15:32.23+01:00,2018,2018-01-01T00:00:00+01:00,2018-12-31T00:00:00+01:00
25263113,RS_198,COUNTRY,ATG,YEAR,2017,SEX,BTSX,,,,,,,0.0 [0.0-0.0],0.0,0.0,0.0,,2021-02-09T16:22:35.723+01:00,2017,2017-01-01T00:00:00+01:00,2017-12-31T00:00:00+01:00
25264859,RS_198,COUNTRY,AUT,YEAR,2017,SEX,BTSX,,,,,,,4.9 [4.0-6.0],4.91748,3.96977,5.97055,,2021-02-09T16:23:22.22+01:00,2017,2017-01-01T00:00:00+01:00,2017-12-31T00:00:00+01:00
25283763,RS_198,COUNTRY,CHE,YEAR,2017,SEX,BTSX,,,,,,,2.8 [2.2-3.5],2.80281,2.17652,3.52916,,2021-02-09T16:31:07.617+01:00,2017,2017-01-01T00:00:00+01:00,2017-12-31T00:00:00+01:00
25296404,RS_198,COUNTRY,DEU,YEAR,2017,SEX,BTSX,,,,,,,4.0 [3.3-4.8],3.99334,3.28592,4.79127,,2021-02-09T16:36:15.6+01:00,2017,2017-01-01T00:00:00+01:00,2017-12-31T00:00:00+01:00
25298191,RS_198,COUNTRY,DNK,YEAR,2017,SEX,BTSX,,,,,,,3.3 [2.6-4.1],3.26975,2.58204,4.07039,,2021-02-09T16:36:56.5+01:00,2017,2017-01-01T00:00:00+01:00,2017-12-31T00:00:00+01:00
25303569,RS_198,COUNTRY,ESP,YEAR,2017,SEX,BTSX,,,,,,,4.2 [3.4-5.0],4.16664,3.39945,4.99433,,2021-02-09T16:39:03.967+01:00,2017,2017-01-01T00:00:00+01:00,2017-12-31T00:00:00+01:00
25304473,RS_198,COUNTRY,EST,YEAR,2017,SEX,BTSX,,,,,,,4.1 [3.0-5.4],4.06996,3.00626,5.38307,,2021-02-09T16:39:25.617+01:00,2017,2017-01-01T00:00:00+01:00,2017-12-31T00:00:00+01:00
25306300,RS_198,COUNTRY,FIN,YEAR,2017,SEX,BTSX,,,,,,,4.4 [3.5-5.6],4.44535,3.45571,5.59862,,2021-02-09T16:40:11.233+01:00,2017,2017-01-01T00:00:00+01:00,2017-12-31T00:00:00+01:00
25308993,RS_198,COUNTRY,FSM,YEAR,2017,SEX,BTSX,,,,,,,0.3 [0.1-0.4],0.27676,0.12639,0.44643,,2021-02-09T16:41:16.6+01:00,2017,2017-01-01T00:00:00+01:00,2017-12-31T00:00:00+01:00
25310817,RS_198,COUNTRY,GBR,YEAR,2017,SEX,BTSX,,,,,,,3.0 [2.8-3.2],3.01943,2.83039,3.20047,,2021-02-09T16:41:59.17+01:00,2017,2017-01-01T00:00:00+01:00,2017-12-31T00:00:00+01:00
25326058,RS_198,COUNTRY,IRL,YEAR,2017,SEX,BTSX,,,,,,,3.4 [2.6-4.4],3.40817,2.57354,4.36025,,2021-02-09T16:48:07.513+01:00,2017,2017-01-01T00:00:00+01:00,2017-12-31T00:00:00+01:00
25329703,RS_198,COUNTRY,ISR,YEAR,2017,SEX,BTSX,,,,,,,4.0 [3.2-4.9],4.01512,3.21874,4.90616,,2021-02-09T16:49:31.397+01:00,2017,2017-01-01T00:00:00+01:00,2017-12-31T00:00:00+01:00
25333272,RS_198,COUNTRY,JPN,YEAR,2017,SEX,BTSX,,,,,,,3.9 [3.4-4.2],3.87733,3.42742,4.23451,,2021-02-09T16:50:55.617+01:00,2017,2017-01-01T00:00:00+01:00,2017-12-31T00:00:00+01:00
25337812,RS_198,COUNTRY,KIR,YEAR,2017,SEX,BTSX,,,,,,,2.4 [1.4-3.6],2.36006,1.3763,3.6327,,2021-02-09T16:52:39.19+01:00,2017,2017-01-01T00:00:00+01:00,2017-12-31T00:00:00+01:00
25347680,RS_198,COUNTRY,LUX,YEAR,2017,SEX,BTSX,,,,,,,4.8 [3.6-6.2],4.79185,3.61797,6.16913,,2021-02-09T16:56:24.013+01:00,2017,2017-01-01T00:00:00+01:00,2017-12-31T00:00:00+01:00
25352192,RS_198,COUNTRY,MDV,YEAR,2017,SEX,BTSX,,,,,,,1.8 [1.2-2.6],1.78421,1.16918,2.57416,,2021-02-09T16:58:07.35+01:00,2017,2017-01-01T00:00:00+01:00,2017-12-31T00:00:00+01:00
25355813,RS_198,COUNTRY,MLT,YEAR,2017,SEX,BTSX,,,,,,,4.9 [3.6-6.6],4.90312,3.55094,6.56184,,2021-02-09T16:59:29.277+01:00,2017,2017-01-01T00:00:00+01:00,2017-12-31T00:00:00+01:00
25367502,RS_198,COUNTRY,NLD,YEAR,2017,SEX,BTSX,,,,,,,3.7 [3.0-4.5],3.71299,2.9869,4.54063,,2021-02-09T17:04:09.67+01:00,2017,2017-01-01T00:00:00+01:00,2017-12-31T00:00:00+01:00
25368388,RS_198,COUNTRY,NOR,YEAR,2017,SEX,BTSX,,,,,,,2.1 [1.9-2.3],2.11726,1.92072,2.3247,,2021-02-09T17:04:30.377+01:00,2017,2017-01-01T00:00:00+01:00,2017-12-31T00:00:00+01:00
25386409,RS_198,COUNTRY,SGP,YEAR,2017,SEX,BTSX,,,,,,,2.5 [1.9-3.1],2.48243,1.93997,3.13387,,2021-02-09T17:11:45.607+01:00,2017,2017-01-01T00:00:00+01:00,2017-12-31T00:00:00+01:00
25396295,RS_198,COUNTRY,SWE,YEAR,2017,SEX,BTSX,,,,,,,2.7 [2.2-3.3],2.72711,2.2326,3.28998,,2021-02-09T17:15:33.107+01:00,2017,2017-01-01T00:00:00+01:00,2017-12-31T00:00:00+01:00
25263074,RS_198,COUNTRY,ATG,YEAR,2016,SEX,BTSX,,,,,,,0.0 [0.0-0.0],0.0,0.0,0.0,,2021-02-09T16:22:34.71+01:00,2016,2016-01-01T00:00:00+01:00,2016-12-31T00:00:00+01:00
25283813,RS_198,COUNTRY,CHE,YEAR,2016,SEX,BTSX,,,,,,,2.7 [2.1-3.3],2.66113,2.0808,3.33511,,2021-02-09T16:31:08.623+01:00,2016,2016-01-01T00:00:00+01:00,2016-12-31T00:00:00+01:00
25296379,RS_198,COUNTRY,DEU,YEAR,2016,SEX,BTSX,,,,,,,4.0 [3.4-4.8],4.04775,3.38227,4.78006,,2021-02-09T16:36:15.06+01:00,2016,2016-01-01T00:00:00+01:00,2016-12-31T00:00:00+01:00
25298199,RS_198,COUNTRY,DNK,YEAR,2016,SEX,BTSX,,,,,,,4.0 [3.2-4.9],3.97455,3.15635,4.91797,,2021-02-09T16:36:56.693+01:00,2016,2016-01-01T00:00:00+01:00,2016-12-31T00:00:00+01:00
25303581,RS_198,COUNTRY,ESP,YEAR,2016,SEX,BTSX,,,,,,,4.1 [3.4-4.9],4.12145,3.42353,4.87544,,2021-02-09T16:39:04.233+01:00,2016,2016-01-01T00:00:00+01:00,2016-12-31T00:00:00+01:00
25306308,RS_198,COUNTRY,FIN,YEAR,2016,SEX,BTSX,,,,,,,4.7 [3.7-5.9],4.72924,3.71281,5.89878,,2021-02-09T16:40:11.407+01:00,2016,2016-01-01T00:00:00+01:00,2016-12-31T00:00:00+01:00
25309008,RS_198,COUNTRY,FSM,YEAR,2016,SEX,BTSX,,,,,,,1.8 [0.8-2.9],1.81464,0.83453,2.92404,,2021-02-09T16:41:16.913+01:00,2016,2016-01-01T00:00:00+01:00,2016-12-31T00:00:00+01:00
25310792,RS_198,COUNTRY,GBR,YEAR,2016,SEX,BTSX,,,,,,,3.0 [2.9-3.2],3.04534,2.86719,3.21693,,2021-02-09T16:41:58.62+01:00,2016,2016-01-01T00:00:00+01:00,2016-12-31T00:00:00+01:00
25326103,RS_198,COUNTRY,IRL,YEAR,2016,SEX,BTSX,,,,,,,4.1 [3.2-5.2],4.13136,3.15597,5.23718,,2021-02-09T16:48:08.547+01:00,2016,2016-01-01T00:00:00+01:00,2016-12-31T00:00:00+01:00
25329679,RS_198,COUNTRY,ISR,YEAR,2016,SEX,BTSX,,,,,,,4.3 [3.5-5.1],4.25454,3.46739,5.13874,,2021-02-09T16:49:30.903+01:00,2016,2016-01-01T00:00:00+01:00,2016-12-31T00:00:00+01:00
25333273,RS_198,COUNTRY,JPN,YEAR,2016,SEX,BTSX,,,,,,,4.1 [3.6-4.4],4.08881,3.63378,4.43308,,2021-02-09T16:50:55.647+01:00,2016,2016-01-01T00:00:00+01:00,2016-12-31T00:00:00+01:00
25337765,RS_198,COUNTRY,KIR,YEAR,2016,SEX,BTSX,,,,,,,4.4 [2.6-6.8],4.4433,2.58762,6.80855,,2021-02-09T16:52:38.14+01:00,2016,2016-01-01T00:00:00+01:00,2016-12-31T00:00:00+01:00
25352212,RS_198,COUNTRY,MDV,YEAR,2016,SEX,BTSX,,,,,,,0.9 [0.6-1.2],0.86418,0.56931,1.2368,,2021-02-09T16:58:07.743+01:00,2016,2016-01-01T00:00:00+01:00,2016-12-31T00:00:00+01:00
25367512,RS_198,COUNTRY,NLD,YEAR,2016,SEX,BTSX,,,,,,,3.8 [3.1-4.6],3.81597,3.12066,4.60259,,2021-02-09T17:04:09.89+01:00,2016,2016-01-01T00:00:00+01:00,2016-12-31T00:00:00+01:00
25368407,RS_198,COUNTRY,NOR,YEAR,2016,SEX,BTSX,,,,,,,2.7 [2.5-3.0],2.72332,2.4825,2.96202,,2021-02-09T17:04:30.8+01:00,2016,2016-01-01T00:00:00+01:00,2016-12-31T00:00:00+01:00
25386399,RS_198,COUNTRY,SGP,YEAR,2016,SEX,BTSX,,,,,,,2.7 [2.2-3.4],2.7416,2.17689,3.40624,,2021-02-09T17:11:45.403+01:00,2016,2016-01-01T00:00:00+01:00,2016-12-31T00:00:00+01:00
25396314,RS_198,COUNTRY,SWE,YEAR,2016,SEX,BTSX,,,,,,,3.1 [2.6-3.7],3.12835,2.58762,3.73794,,2021-02-09T17:15:33.5+01:00,2016,2016-01-01T00:00:00+01:00,2016-12-31T00:00:00+01:00
25263103,RS_198,COUNTRY,ATG,YEAR,2015,SEX,BTSX,,,,,,,0.0 [0.0-0.0],0.0,0.0,0.0,,2021-02-09T16:22:35.52+01:00,2015,2015-01-01T00:00:00+01:00,2015-12-31T00:00:00+01:00
25283764,RS_198,COUNTRY,CHE,YEAR,2015,SEX,BTSX,,,,,,,3.1 [2.5-3.9],3.1458,2.48265,3.89346,,2021-02-09T16:31:07.633+01:00,2015,2015-01-01T00:00:00+01:00,2015-12-31T00:00:00+01:00
25296391,RS_198,COUNTRY,DEU,YEAR,2015,SEX,BTSX,,,,,,,4.4 [3.7-5.1],4.36008,3.6941,5.07786,,2021-02-09T16:36:15.313+01:00,2015,2015-01-01T00:00:00+01:00,2015-12-31T00:00:00+01:00
25298159,RS_198,COUNTRY,DNK,YEAR,2015,SEX,BTSX,,,,,,,3.5 [2.8-4.3],3.4678,2.77996,4.26184,,2021-02-09T16:36:55.88+01:00,2015,2015-01-01T00:00:00+01:00,2015-12-31T00:00:00+01:00
25303567,RS_198,COUNTRY,ESP,YEAR,2015,SEX,BTSX,,,,,,,4.2 [3.6-5.0],4.22738,3.5603,4.95162,,2021-02-09T16:39:03.917+01:00,2015,2015-01-01T00:00:00+01:00,2015-12-31T00:00:00+01:00
25308958,RS_198,COUNTRY,FSM,YEAR,2015,SEX,BTSX,,,,,,,0.9 [0.4-1.5],0.91839,0.42897,1.47386,,2021-02-09T16:41:15.827+01:00,2015,2015-01-01T00:00:00+01:00,2015-12-31T00:00:00+01:00
25310810,RS_198,COUNTRY,GBR,YEAR,2015,SEX,BTSX,,,,,,,2.9 [2.8-3.1],2.9259,2.75595,3.08615,,2021-02-09T16:41:59.013+01:00,2015,2015-01-01T00:00:00+01:00,2015-12-31T00:00:00+01:00
25326096,RS_198,COUNTRY,IRL,YEAR,2015,SEX,BTSX,,,,,,,3.6 [2.8-4.5],3.58953,2.76496,4.52915,,2021-02-09T16:48:08.407+01:00,2015,2015-01-01T00:00:00+01:00,2015-12-31T00:00:00+01:00
25328762,RS_198,COUNTRY,ISL,YEAR,2015,SEX,BTSX,,,,,,,4.8 [3.6-6.4],4.84501,3.56147,6.36747,,2021-02-09T16:49:09.973+01:00,2015,2015-01-01T00:00:00+01:00,2015-12-31T00:00:00+01:00
25329710,RS_198,COUNTRY,ISR,YEAR,2015,SEX,BTSX,,,,,,,4.2 [3.4-5.0],4.16119,3.43034,4.97846,,2021-02-09T16:49:31.537+01:00,2015,2015-01-01T00:00:00+01:00,2015-12-31T00:00:00+01:00
25333300,RS_198,COUNTRY,JPN,YEAR,2015,SEX,BTSX,,,,,,,4.2 [3.7-4.6],4.21533,3.74466,4.56331,,2021-02-09T16:50:56.337+01:00,2015,2015-01-01T00:00:00+01:00,2015-12-31T00:00:00+01:00
25337817,RS_198,COUNTRY,KIR,YEAR,2015,SEX,BTSX,,,,,,,3.6 [2.1-5.5],3.60598,2.098,5.52919,,2021-02-09T16:52:39.283+01:00,2015,2015-01-01T00:00:00+01:00,2015-12-31T00:00:00+01:00
25352162,RS_198,COUNTRY,MDV,YEAR,2015,SEX,BTSX,,,,,,,2.6 [1.8-3.8],2.63924,1.75277,3.76808,,2021-02-09T16:58:06.757+01:00,2015,2015-01-01T00:00:00+01:00,2015-12-31T00:00:00+01:00
25355779,RS_198,COUNTRY,MLT,YEAR,2015,SEX,BTSX,,,,,,,2.8 [2.0-3.6],2.76779,2.04491,3.63368,,2021-02-09T16:59:28.58+01:00,2015,2015-01-01T00:00:00+01:00,2015-12-31T00:00:00+01:00
25367463,RS_198,COUNTRY,NLD,YEAR,2015,SEX,BTSX,,,,,,,3.8 [3.1-4.5],3.77838,3.12434,4.49901,,2021-02-09T17:04:08.803+01:00,2015,2015-01-01T00:00:00+01:00,2015-12-31T00:00:00+01:00
25368361,RS_198,COUNTRY,NOR,YEAR,2015,SEX,BTSX,,,,,,,2.6 [2.3-2.8],2.55778,2.34208,2.7801,,2021-02-09T17:04:29.793+01:00,2015,2015-01-01T00:00:00+01:00,2015-12-31T00:00:00+01:00
25386376,RS_198,COUNTRY,SGP,YEAR,2015,SEX,BTSX,,,,,,,3.0 [2.4-3.7],2.98633,2.40479,3.66518,,2021-02-09T17:11:44.903+01:00,2015,2015-01-01T00:00:00+01:00,2015-12-31T00:00:00+01:00
25396292,RS_198,COUNTRY,SWE,YEAR,2015,SEX,BTSX,,,,,,,3.2 [2.7-3.8],3.20645,2.66959,3.81113,,2021-02-09T17:15:33.06+01:00,2015,2015-01-01T00:00:00+01:00,2015-12-31T00:00:00+01:00
25263071,RS_198,COUNTRY,ATG,YEAR,2014,SEX,BTSX,,,,,,,0.6 [0.4-0.8],0.5549,0.38401,0.75666,,2021-02-09T16:22:34.65+01:00,2014,2014-01-01T00:00:00+01:00,2014-12-31T00:00:00+01:00
25283804,RS_198,COUNTRY,CHE,YEAR,2014,SEX,BTSX,,,,,,,3.1 [2.5-3.7],3.05874,2.46369,3.73876,,2021-02-09T16:31:08.437+01:00,2014,2014-01-01T00:00:00+01:00,2014-12-31T00:00:00+01:00
25296414,RS_198,COUNTRY,DEU,YEAR,2014,SEX,BTSX,,,,,,,4.3 [3.7-5.0],4.29587,3.67875,4.95426,,2021-02-09T16:36:15.837+01:00,2014,2014-01-01T00:00:00+01:00,2014-12-31T00:00:00+01:00
25298195,RS_198,COUNTRY,DNK,YEAR,2014,SEX,BTSX,,,,,,,3.5 [2.8-4.2],3.46033,2.7945,4.22494,,2021-02-09T16:36:56.58+01:00,2014,2014-01-01T00:00:00+01:00,2014-12-31T00:00:00+01:00
25303617,RS_198,COUNTRY,ESP,YEAR,2014,SEX,BTSX,,,,,,,4.2 [3.6-4.9],4.2007,3.57618,4.87644,,2021-02-09T16:39:05.02+01:00,2014,2014-01-01T00:00:00+01:00,2014-12-31T00:00:00+01:00
25306272,RS_198,COUNTRY,FIN,YEAR,2014,SEX,BTSX,,,,,,,4.4 [3.5-5.4],4.41278,3.52344,5.42868,,2021-02-09T16:40:10.6+01:00,2014,2014-01-01T00:00:00+01:00,2014-12-31T00:00:00+01:00
25309009,RS_198,COUNTRY,FSM,YEAR,2014,SEX,BTSX,,,,,,,0.9 [0.4-1.5],0.93072,0.44683,1.48536,,2021-02-09T16:41:16.93+01:00,2014,2014-01-01T00:00:00+01:00,2014-12-31T00:00:00+01:00
25310768,RS_198,COUNTRY,GBR,YEAR,2014,SEX,BTSX,,,,,,,3.2 [3.0-3.4],3.22058,3.03626,3.40025,,2021-02-09T16:41:58+01:00,2014,2014-01-01T00:00:00+01:00,2014-12-31T00:00:00+01:00
25317960,RS_198,COUNTRY,GRD,YEAR,2014,SEX,BTSX,,,,,,,4.6 [3.4-6.0],4.59137,3.38571,5.96098,,2021-02-09T16:44:50.61+01:00,2014,2014-01-01T00:00:00+01:00,2014-12-31T00:00:00+01:00
25326086,RS_198,COUNTRY,IRL,YEAR,2014,SEX,BTSX,,,,,,,4.3 [3.4-5.4],4.30098,3.38742,5.4009,,2021-02-09T16:48:08.17+01:00,2014,2014-01-01T00:00:00+01:00,2014-12-31T00:00:00+01:00
25328809,RS_198,COUNTRY,ISL,YEAR,2014,SEX,BTSX,,,,,,,1.8 [1.3-2.4],1.82597,1.32377,2.42742,,2021-02-09T16:49:11.057+01:00,2014,2014-01-01T00:00:00+01:00,2014-12-31T00:00:00+01:00
25329713,RS_198,COUNTRY,ISR,YEAR,2014,SEX,BTSX,,,,,,,3.6 [3.0-4.2],3.55598,2.97394,4.18521,,2021-02-09T16:49:31.6+01:00,2014,2014-01-01T00:00:00+01:00,2014-12-31T00:00:00+01:00
25333310,RS_198,COUNTRY,JPN,YEAR,2014,SEX,BTSX,,,,,,,4.2 [3.8-4.5],4.22646,3.77771,4.54518,,2021-02-09T16:50:56.6+01:00,2014,2014-01-01T00:00:00+01:00,2014-12-31T00:00:00+01:00
25337781,RS_198,COUNTRY,KIR,YEAR,2014,SEX,BTSX,,,,,,,4.6 [2.7-7.0],4.57093,2.66576,6.99529,,2021-02-09T16:52:38.47+01:00,2014,2014-01-01T00:00:00+01:00,2014-12-31T00:00:00+01:00
25352194,RS_198,COUNTRY,MDV,YEAR,2014,SEX,BTSX,,,,,,,2.5 [1.7-3.6],2.53188,1.68646,3.60299,,2021-02-09T16:58:07.383+01:00,2014,2014-01-01T00:00:00+01:00,2014-12-31T00:00:00+01:00
25355794,RS_198,COUNTRY,MLT,YEAR,2014,SEX,BTSX,,,,,,,2.3 [1.7-3.0],2.32455,1.72103,3.04124,,2021-02-09T16:59:28.883+01:00,2014,2014-01-01T00:00:00+01:00,2014-12-31T00:00:00+01:00
25367489,RS_198,COUNTRY,NLD,YEAR,2014,SEX,BTSX,,,,,,,3.5 [2.9-4.1],3.48083,2.89911,4.12346,,2021-02-09T17:04:09.367+01:00,2014,2014-01-01T00:00:00+01:00,2014-12-31T00:00:00+01:00
25368368,RS_198,COUNTRY,NOR,YEAR,2014,SEX,BTSX,,,,,,,3.0 [2.8-3.3],3.01423,2.75495,3.27807,,2021-02-09T17:04:29.95+01:00,2014,2014-01-01T00:00:00+01:00,2014-12-31T00:00:00+01:00
25386378,RS_198,COUNTRY,SGP,YEAR,2014,SEX,BTSX,,,,,,,3.1 [2.6-3.8],3.14896,2.56716,3.82614,,2021-02-09T17:11:44.95+01:00,2014,2014-01-01T00:00:00+01:00,2014-12-31T00:00:00+01:00
25396282,RS_198,COUNTRY,SWE,YEAR,2014,SEX,BTSX,,,,,,,3.2 [2.6-3.8],3.17485,2.64401,3.77038,,2021-02-09T17:15:32.76+01:00,2014,2014-01-01T00:00:00+01:00,2014-12-31T00:00:00+01:00
25263085,RS_198,COUNTRY,ATG,YEAR,2013,SEX,BTSX,,,,,,,1.7 [1.2-2.2],1.6771,1.22612,2.21146,,2021-02-09T16:22:35+01:00,2013,2013-01-01T00:00:00+01:00,2013-12-31T00:00:00+01:00
25283806,RS_198,COUNTRY,CHE,YEAR,2013,SEX,BTSX,,,,,,,3.4 [2.7-4.2],3.41601,2.73092,4.19692,,2021-02-09T16:31:08.483+01:00,2013,2013-01-01T00:00:00+01:00,2013-12-31T00:00:00+01:00
25294595,RS_198,COUNTRY,CYP,YEAR,2013,SEX,BTSX,,,,,,,5.0 [4.0-6.2],4.9831,3.96098,6.20308,,2021-02-09T16:35:32.357+01:00,2013,2013-01-01T00:00:00+01:00,2013-12-31T00:00:00+01:00
25296383,RS_198,COUNTRY,DEU,YEAR,2013,SEX,BTSX,,,,,,,4.4 [3.8-5.0],4.38439,3.78445,5.023,,2021-02-09T16:36:15.14+01:00,2013,2013-01-01T00:00:00+01:00,2013-12-31T00:00:00+01:00
25298172,RS_198,COUNTRY,DNK,YEAR,2013,SEX,BTSX,,,,,,,3.5 [2.8-4.3],3.51179,2.83828,4.28504,,2021-02-09T16:36:56.133+01:00,2013,2013-01-01T00:00:00+01:00,2013-12-31T00:00:00+01:00
25303616,RS_198,COUNTRY,ESP,YEAR,2013,SEX,BTSX,,,,,,,4.0 [3.4-4.6],4.0251,3.43692,4.64716,,2021-02-09T16:39:05.003+01:00,2013,2013-01-01T00:00:00+01:00,2013-12-31T00:00:00+01:00
25306304,RS_198,COUNTRY,FIN,YEAR,2013,SEX,BTSX,,,,,,,4.9 [4.0-6.0],4.92739,3.96341,6.01334,,2021-02-09T16:40:11.31+01:00,2013,2013-01-01T00:00:00+01:00,2013-12-31T00:00:00+01:00
25309015,RS_198,COUNTRY,FSM,YEAR,2013,SEX,BTSX,,,,,,,1.9 [0.9-3.0],1.88818,0.93505,2.99628,,2021-02-09T16:41:17.053+01:00,2013,2013-01-01T00:00:00+01:00,2013-12-31T00:00:00+01:00
25310791,RS_198,COUNTRY,GBR,YEAR,2013,SEX,BTSX,,,,,,,2.9 [2.7-3.0],2.85917,2.70245,3.01204,,2021-02-09T16:41:58.59+01:00,2013,2013-01-01T00:00:00+01:00,2013-12-31T00:00:00+01:00
25326074,RS_198,COUNTRY,IRL,YEAR,2013,SEX,BTSX,,,,,,,4.2 [3.4-5.2],4.2033,3.37136,5.1791,,2021-02-09T16:48:07.903+01:00,2013,2013-01-01T00:00:00+01:00,2013-12-31T00:00:00+01:00
25328796,RS_198,COUNTRY,ISL,YEAR,2013,SEX,BTSX,,,,,,,4.9 [3.6-6.5],4.89007,3.58104,6.45493,,2021-02-09T16:49:10.773+01:00,2013,2013-01-01T00:00:00+01:00,2013-12-31T00:00:00+01:00
25329670,RS_198,COUNTRY,ISR,YEAR,2013,SEX,BTSX,,,,,,,3.7 [3.1-4.4],3.69756,3.09027,4.36313,,2021-02-09T16:49:30.747+01:00,2013,2013-01-01T00:00:00+01:00,2013-12-31T00:00:00+01:00
25333293,RS_198,COUNTRY,JPN,YEAR,2013,SEX,BTSX,,,,,,,4.5 [4.0-4.8],4.50535,4.04836,4.82228,,2021-02-09T16:50:56.163+01:00,2013,2013-01-01T00:00:00+01:00,2013-12-31T00:00:00+01:00
25337769,RS_198,COUNTRY,KIR,YEAR,2013,SEX,BTSX,,,,,,,0.9 [0.5-1.4],0.9269,0.54323,1.41102,,2021-02-09T16:52:38.233+01:00,2013,2013-01-01T00:00:00+01:00,2013-12-31T00:00:00+01:00
25352169,RS_198,COUNTRY,MDV,YEAR,2013,SEX,BTSX,,,,,,,2.9 [1.9-4.1],2.88745,1.91933,4.1248,,2021-02-09T16:58:06.897+01:00,2013,2013-01-01T00:00:00+01:00,2013-12-31T00:00:00+01:00
25355816,RS_198,COUNTRY,MLT,YEAR,2013,SEX,BTSX,,,,,,,4.7 [3.5-6.1],4.69325,3.4937,6.11702,,2021-02-09T16:59:29.34+01:00,2013,2013-01-01T00:00:00+01:00,2013-12-31T00:00:00+01:00
25367480,RS_198,COUNTRY,NLD,YEAR,2013,SEX,BTSX,,,,,,,3.5 [2.9-4.1],3.49096,2.93913,4.09752,,2021-02-09T17:04:09.18+01:00,2013,2013-01-01T00:00:00+01:00,2013-12-31T00:00:00+01:00
25368417,RS_198,COUNTRY,NOR,YEAR,2013,SEX,BTSX,,,,,,,3.8 [3.5-4.1],3.79962,3.47929,4.11654,,2021-02-09T17:04:31.067+01:00,2013,2013-01-01T00:00:00+01:00,2013-12-31T00:00:00+01:00
25386388,RS_198,COUNTRY,SGP,YEAR,2013,SEX,BTSX,,,,,,,3.2 [2.6-3.8],3.17214,2.60683,3.81912,,2021-02-09T17:11:45.17+01:00,2013,2013-01-01T00:00:00+01:00,2013-12-31T00:00:00+01:00
25396317,RS_198,COUNTRY,SWE,YEAR,2013,SEX,BTSX,,,,,,,3.1 [2.6-3.7],3.13131,2.63937,3.68034,,2021-02-09T17:15:33.56+01:00,2013,2013-01-01T00:00:00+01:00,2013-12-31T00:00:00+01:00
25263098,RS_198,COUNTRY,ATG,YEAR,2012,SEX,BTSX,,,,,,,0.7 [0.5-1.0],0.73757,0.52376,1.00099,,2021-02-09T16:22:35.393+01:00,2012,2012-01-01T00:00:00+01:00,2012-12-31T00:00:00+01:00
25283768,RS_198,COUNTRY,CHE,YEAR,2012,SEX,BTSX,,,,,,,4.4 [3.6-5.3],4.37063,3.55678,5.29311,,2021-02-09T16:31:07.713+01:00,2012,2012-01-01T00:00:00+01:00,2012-12-31T00:00:00+01:00
25296416,RS_198,COUNTRY,DEU,YEAR,2012,SEX,BTSX,,,,,,,4.7 [4.1-5.3],4.69788,4.0887,5.34469,,2021-02-09T16:36:15.9+01:00,2012,2012-01-01T00:00:00+01:00,2012-12-31T00:00:00+01:00
25298214,RS_198,COUNTRY,DNK,YEAR,2012,SEX,BTSX,,,,,,,3.1 [2.5-3.7],3.06546,2.4984,3.70165,,2021-02-09T16:36:57.12+01:00,2012,2012-01-01T00:00:00+01:00,2012-12-31T00:00:00+01:00
25303571,RS_198,COUNTRY,ESP,YEAR,2012,SEX,BTSX,,,,,,,4.3 [3.7-4.9],4.25387,3.65426,4.8827,,2021-02-09T16:39:04.013+01:00,2012,2012-01-01T00:00:00+01:00,2012-12-31T00:00:00+01:00
25306291,RS_198,COUNTRY,FIN,YEAR,2012,SEX,BTSX,,,,,,,4.9 [3.9-5.9],4.85709,3.94163,5.881,,2021-02-09T16:40:11.043+01:00,2012,2012-01-01T00:00:00+01:00,2012-12-31T00:00:00+01:00
25309007,RS_198,COUNTRY,FSM,YEAR,2012,SEX,BTSX,,,,,,,0.0 [0.0-0.0],0.0,0.0,0.0,,2021-02-09T16:41:16.883+01:00,2012,2012-01-01T00:00:00+01:00,2012-12-31T00:00:00+01:00
25310805,RS_198,COUNTRY,GBR,YEAR,2012,SEX,BTSX,,,,,,,3.0 [2.8-3.2],2.98798,2.824,3.15627,,2021-02-09T16:41:58.903+01:00,2012,2012-01-01T00:00:00+01:00,2012-12-31T00:00:00+01:00
25317990,RS_198,COUNTRY,GRD,YEAR,2012,SEX,BTSX,,,,,,,3.7 [2.8-4.8],3.72259,2.78083,4.82163,,2021-02-09T16:44:51.19+01:00,2012,2012-01-01T00:00:00+01:00,2012-12-31T00:00:00+01:00
25326083,RS_198,COUNTRY,IRL,YEAR,2012,SEX,BTSX,,,,,,,3.6 [2.9-4.5],3.64568,2.92453,4.46721,,2021-02-09T16:48:08.11+01:00,2012,2012-01-01T00:00:00+01:00,2012-12-31T00:00:00+01:00
25328782,RS_198,COUNTRY,ISL,YEAR,2012,SEX,BTSX,,,,,,,3.4 [2.5-4.4],3.37794,2.50127,4.42356,,2021-02-09T16:49:10.443+01:00,2012,2012-01-01T00:00:00+01:00,2012-12-31T00:00:00+01:00
25329663,RS_198,COUNTRY,ISR,YEAR,2012,SEX,BTSX,,,,,,,3.6 [3.0-4.3],3.55879,2.95654,4.25044,,2021-02-09T16:49:30.603+01:00,2012,2012-01-01T00:00:00+01:00,2012-12-31T00:00:00+01:00
25333288,RS_198,COUNTRY,JPN,YEAR,2012,SEX,BTSX,,,,,,,4.8 [4.3-5.1],4.76314,4.28621,5.08445,,2021-02-09T16:50:56.023+01:00,2012,2012-01-01T00:00:00+01:00,2012-12-31T00:00:00+01:00
25352165,RS_198,COUNTRY,MDV,YEAR,2012,SEX,BTSX,,,,,,,1.3 [0.9-1.8],1.28273,0.8574,1.84356,,2021-02-09T16:58:06.817+01:00,2012,2012-01-01T00:00:00+01:00,2012-12-31T00:00:00+01:00
25355798,RS_198,COUNTRY,MLT,YEAR,2012,SEX,BTSX,,,,,,,2.8 [2.1-3.7],2.84489,2.14472,3.66333,,2021-02-09T16:59:28.96+01:00,2012,2012-01-01T00:00:00+01:00,2012-12-31T00:00:00+01:00
25367514,RS_198,COUNTRY,NLD,YEAR,2012,SEX,BTSX,,,,,,,4.0 [3.4-4.7],4.01981,3.39586,4.70621,,2021-02-09T17:04:09.937+01:00,2012,2012-01-01T00:00:00+01:00,2012-12-31T00:00:00+01:00
25368410,RS_198,COUNTRY,NOR,YEAR,2012,SEX,BTSX,,,,,,,3.0 [2.8-3.3],3.01174,2.76595,3.26084,,2021-02-09T17:04:30.863+01:00,2012,2012-01-01T00:00:00+01:00,2012-12-31T00:00:00+01:00
25386360,RS_198,COUNTRY,SGP,YEAR,2012,SEX,BTSX,,,,,,,3.5 [2.9-4.2],3.50128,2.86955,4.20805,,2021-02-09T17:11:44.557+01:00,2012,2012-01-01T00:00:00+01:00,2012-12-31T00:00:00+01:00
25396298,RS_198,COUNTRY,SWE,YEAR,2012,SEX,BTSX,,,,,,,3.5 [2.9-4.1],3.47295,2.93628,4.06878,,2021-02-09T17:15:33.167+01:00,2012,2012-01-01T00:00:00+01:00,2012-12-31T00:00:00+01:00
25283762,RS_198,COUNTRY,CHE,YEAR,2011,SEX,BTSX,,,,,,,4.2 [3.4-5.0],4.17352,3.41553,5.02094,,2021-02-09T16:31:07.587+01:00,2011,2011-01-01T00:00:00+01:00,2011-12-31T00:00:00+01:00
25298170,RS_198,COUNTRY,DNK,YEAR,2011,SEX,BTSX,,,,,,,4.1 [3.3-4.9],4.06593,3.34068,4.87412,,2021-02-09T16:36:56.087+01:00,2011,2011-01-01T00:00:00+01:00,2011-12-31T00:00:00+01:00
25303580,RS_198,COUNTRY,ESP,YEAR,2011,SEX,BTSX,,,,,,,4.7 [4.1-5.4],4.69796,4.06115,5.36707,,2021-02-09T16:39:04.217+01:00,2011,2011-01-01T00:00:00+01:00,2011-12-31T00:00:00+01:00
25308983,RS_198,COUNTRY,FSM,YEAR,2011,SEX,BTSX,,,,,,,0.0 [0.0-0.0],0.0,0.0,0.0,,2021-02-09T16:41:16.393+01:00,2011,2011-01-01T00:00:00+01:00,2011-12-31T00:00:00+01:00
25310786,RS_198,COUNTRY,GBR,YEAR,2011,SEX,BTSX,,,,,,,3.4 [3.2-3.5],3.35666,3.18735,3.53367,,2021-02-09T16:41:58.443+01:00,2011,2011-01-01T00:00:00+01:00,2011-12-31T00:00:00+01:00
25326107,RS_198,COUNTRY,IRL,YEAR,2011,SEX,BTSX,,,,,,,4.2 [3.4-5.1],4.18199,3.39548,5.08908,,2021-02-09T16:48:08.64+01:00,2011,2011-01-01T00:00:00+01:00,2011-12-31T00:00:00+01:00
25328785,RS_198,COUNTRY,ISL,YEAR,2011,SEX,BTSX,,,,,,,4.3 [3.2-5.7],4.32029,3.18856,5.65497,,2021-02-09T16:49:10.507+01:00,2011,2011-01-01T00:00:00+01:00,2011-12-31T00:00:00+01:00
25329715,RS_198,COUNTRY,ISR,YEAR,2011,SEX,BTSX,,,,,,,4.7 [4.0-5.5],4.70142,3.97497,5.50829,,2021-02-09T16:49:31.63+01:00,2011,2011-01-01T00:00:00+01:00,2011-12-31T00:00:00+01:00
25333278,RS_198,COUNTRY,JPN,YEAR,2011,SEX,BTSX,,,,,,,5.0 [4.5-5.3],4.9658,4.49589,5.28155,,2021-02-09T16:50:55.74+01:00,2011,2011-01-01T00:00:00+01:00,2011-12-31T00:00:00+01:00
25337764,RS_198,COUNTRY,KIR,YEAR,2011,SEX,BTSX,,,,,,,1.9 [1.1-2.9],1.90958,1.12453,2.92129,,2021-02-09T16:52:38.123+01:00,2011,2011-01-01T00:00:00+01:00,2011-12-31T00:00:00+01:00
25352195,RS_198,COUNTRY,MDV,YEAR,2011,SEX,BTSX,,,,,,,2.4 [1.6-3.4],2.37326,1.5751,3.40902,,2021-02-09T16:58:07.4+01:00,2011,2011-01-01T00:00:00+01:00,2011-12-31T00:00:00+01:00
25355776,RS_198,COUNTRY,MLT,YEAR,2011,SEX,BTSX,,,,,,,4.8 [3.6-6.2],4.7879,3.63206,6.16586,,2021-02-09T16:59:28.517+01:00,2011,2011-01-01T00:00:00+01:00,2011-12-31T00:00:00+01:00
25367458,RS_198,COUNTRY,NLD,YEAR,2011,SEX,BTSX,,,,,,,4.1 [3.5-4.7],4.06854,3.45004,4.74772,,2021-02-09T17:04:08.71+01:00,2011,2011-01-01T00:00:00+01:00,2011-12-31T00:00:00+01:00
25368372,RS_198,COUNTRY,NOR,YEAR,2011,SEX,BTSX,,,,,,,3.5 [3.2-3.8],3.49613,3.19517,3.78176,,2021-02-09T17:04:30.03+01:00,2011,2011-01-01T00:00:00+01:00,2011-12-31T00:00:00+01:00
25386390,RS_198,COUNTRY,SGP,YEAR,2011,SEX,BTSX,,,,,,,4.6 [3.8-5.5],4.59758,3.81553,5.472,,2021-02-09T17:11:45.217+01:00,2011,2011-01-01T00:00:00+01:00,2011-12-31T00:00:00+01:00
25396311,RS_198,COUNTRY,SWE,YEAR,2011,SEX,BTSX,,,,,,,3.4 [2.9-4.0],3.37671,2.8557,3.95395,,2021-02-09T17:15:33.437+01:00,2011,2011-01-01T00:00:00+01:00,2011-12-31T00:00:00+01:00
25414305,RS_198,COUNTRY,VCT,YEAR,2011,SEX,BTSX,,,,,,,3.7 [2.8-4.7],3.69293,2.79465,4.74031,,2021-02-09T17:22:31.71+01:00,2011,2011-01-01T00:00:00+01:00,2011-12-31T00:00:00+01:00
25283805,RS_198,COUNTRY,CHE,YEAR,2010,SEX,BTSX,,,,,,,4.3 [3.5-5.2],4.31571,3.54582,5.17943,,2021-02-09T16:31:08.45+01:00,2010,2010-01-01T00:00:00+01:00,2010-12-31T00:00:00+01:00
25296361,RS_198,COUNTRY,DEU,YEAR,2010,SEX,BTSX,,,,,,,4.8 [4.2-5.4],4.80656,4.21166,5.44688,,2021-02-09T16:36:14.667+01:00,2010,2010-01-01T00:00:00+01:00,2010-12-31T00:00:00+01:00
25298204,RS_198,COUNTRY,DNK,YEAR,2010,SEX,BTSX,,,,,,,5.0 [4.1-5.9],4.98663,4.12857,5.93705,,2021-02-09T16:36:56.93+01:00,2010,2010-01-01T00:00:00+01:00,2010-12-31T00:00:00+01:00
25309013,RS_198,COUNTRY,FSM,YEAR,2010,SEX,BTSX,,,,,,,2.9 [1.6-4.5],2.915,1.64863,4.53768,,2021-02-09T16:41:17.007+01:00,2010,2010-01-01T00:00:00+01:00,2010-12-31T00:00:00+01:00
25310804,RS_198,COUNTRY,GBR,YEAR,2010,SEX,BTSX,,,,,,,3.7 [3.5-3.9],3.69053,3.51349,3.87503,,2021-02-09T16:41:58.87+01:00,2010,2010-01-01T00:00:00+01:00,2010-12-31T00:00:00+01:00
25326115,RS_198,COUNTRY,IRL,YEAR,2010,SEX,BTSX,,,,,,,4.8 [3.9-5.8],4.80861,3.94612,5.79658,,2021-02-09T16:48:08.83+01:00,2010,2010-01-01T00:00:00+01:00,2010-12-31T00:00:00+01:00
25328783,RS_198,COUNTRY,ISL,YEAR,2010,SEX,BTSX,,,,,,,2.6 [1.9-3.4],2.56604,1.8905,3.35029,,2021-02-09T16:49:10.46+01:00,2010,2010-01-01T00:00:00+01:00,2010-12-31T00:00:00+01:00
25329667,RS_198,COUNTRY,ISR,YEAR,2010,SEX,BTSX,,,,,,,4.9 [4.2-5.8],4.94117,4.18191,5.78813,,2021-02-09T16:49:30.683+01:00,2010,2010-01-01T00:00:00+01:00,2010-12-31T00:00:00+01:00
25352216,RS_198,COUNTRY,MDV,YEAR,2010,SEX,BTSX,,,,,,,3.0 [2.0-4.3],3.00937,1.99217,4.32059,,2021-02-09T16:58:07.823+01:00,2010,2010-01-01T00:00:00+01:00,2010-12-31T00:00:00+01:00
25355800,RS_198,COUNTRY,MLT,YEAR,2010,SEX,BTSX,,,,,,,3.9 [3.0-5.1],3.93147,2.98208,5.07201,,2021-02-09T16:59:29.007+01:00,2010,2010-01-01T00:00:00+01:00,2010-12-31T00:00:00+01:00
25367509,RS_198,COUNTRY,NLD,YEAR,2010,SEX,BTSX,,,,,,,4.0 [3.4-4.6],3.95614,3.36635,4.60521,,2021-02-09T17:04:09.81+01:00,2010,2010-01-01T00:00:00+01:00,2010-12-31T00:00:00+01:00
25368391,RS_198,COUNTRY,NOR,YEAR,2010,SEX,BTSX,,,,,,,4.4 [4.0-4.7],4.37997,4.01664,4.73452,,2021-02-09T17:04:30.44+01:00,2010,2010-01-01T00:00:00+01:00,2010-12-31T00:00:00+01:00
25396288,RS_198,COUNTRY,SWE,YEAR,2010,SEX,BTSX,,,,,,,3.0 [2.6-3.5],3.03628,2.57247,3.54977,,2021-02-09T17:15:32.963+01:00,2010,2010-01-01T00:00:00+01:00,2010-12-31T00:00:00+01:00
25414298,RS_198,COUNTRY,VCT,YEAR,2010,SEX,BTSX,,,,,,,3.7 [2.7-4.8],3.68282,2.72673,4.81048,,2021-02-09T17:22:31.54+01:00,2010,2010-01-01T00:00:00+01:00,2010-12-31T00:00:00+01:00
25283812,RS_198,COUNTRY,CHE,YEAR,2009,SEX,BTSX,,,,,,,4.7 [3.9-5.6],4.6669,3.86431,5.56215,,2021-02-09T16:31:08.607+01:00,2009,2009-01-01T00:00:00+01:00,2009-12-31T00:00:00+01:00
25308967,RS_198,COUNTRY,FSM,YEAR,2009,SEX,BTSX,,,,,,,3.9 [2.2-6.0],3.88459,2.24187,6.01965,,2021-02-09T16:41:16.03+01:00,2009,2009-01-01T00:00:00+01:00,2009-12-31T00:00:00+01:00
25310794,RS_198,COUNTRY,GBR,YEAR,2009,SEX,BTSX,,,,,,,4.3 [4.1-4.5],4.30059,4.09923,4.5041,,2021-02-09T16:41:58.65+01:00,2009,2009-01-01T00:00:00+01:00,2009-12-31T00:00:00+01:00
25318012,RS_198,COUNTRY,GRD,YEAR,2009,SEX,BTSX,,,,,,,3.8 [2.8-4.9],3.78118,2.75675,4.92972,,2021-02-09T16:44:51.63+01:00,2009,2009-01-01T00:00:00+01:00,2009-12-31T00:00:00+01:00
25329681,RS_198,COUNTRY,ISR,YEAR,2009,SEX,BTSX,,,,,,,4.5 [3.8-5.2],4.45743,3.79932,5.17763,,2021-02-09T16:49:30.95+01:00,2009,2009-01-01T00:00:00+01:00,2009-12-31T00:00:00+01:00
25337802,RS_198,COUNTRY,KIR,YEAR,2009,SEX,BTSX,,,,,,,5.0 [2.9-7.6],4.95403,2.93266,7.56821,,2021-02-09T16:52:38.97+01:00,2009,2009-01-01T00:00:00+01:00,2009-12-31T00:00:00+01:00
25352161,RS_198,COUNTRY,MDV,YEAR,2009,SEX,BTSX,,,,,,,2.6 [1.7-3.7],2.56081,1.69388,3.68858,,2021-02-09T16:58:06.74+01:00,2009,2009-01-01T00:00:00+01:00,2009-12-31T00:00:00+01:00
25367511,RS_198,COUNTRY,NLD,YEAR,2009,SEX,BTSX,,,,,,,4.5 [3.8-5.2],4.46279,3.81561,5.17431,,2021-02-09T17:04:09.873+01:00,2009,2009-01-01T00:00:00+01:00,2009-12-31T00:00:00+01:00
25368373,RS_198,COUNTRY,NOR,YEAR,2009,SEX,BTSX,,,,,,,4.6 [4.2-5.0],4.59928,4.21995,4.96276,,2021-02-09T17:04:30.063+01:00,2009,2009-01-01T00:00:00+01:00,2009-12-31T00:00:00+01:00
25386411,RS_198,COUNTRY,SGP,YEAR,2009,SEX,BTSX,,,,,,,4.4 [3.7-5.2],4.40944,3.66393,5.24724,,2021-02-09T17:11:45.643+01:00,2009,2009-01-01T00:00:00+01:00,2009-12-31T00:00:00+01:00
25396286,RS_198,COUNTRY,SWE,YEAR,2009,SEX,BTSX,,,,,,,4.1 [3.5-4.8],4.1171,3.49215,4.8088,,2021-02-09T17:15:32.87+01:00,2009,2009-01-01T00:00:00+01:00,2009-12-31T00:00:00+01:00
25283817,RS_198,COUNTRY,CHE,YEAR,2008,SEX,BTSX,,,,,,,4.8 [4.0-5.7],4.82761,4.02564,5.71162,,2021-02-09T16:31:08.717+01:00,2008,2008-01-01T00:00:00+01:00,2008-12-31T00:00:00+01:00
25308964,RS_198,COUNTRY,FSM,YEAR,2008,SEX,BTSX,,,,,,,1.9 [1.1-3.0],1.93145,1.11715,2.97516,,2021-02-09T16:41:15.97+01:00,2008,2008-01-01T00:00:00+01:00,2008-12-31T00:00:00+01:00
25328772,RS_198,COUNTRY,ISL,YEAR,2008,SEX,BTSX,,,,,,,4.5 [3.4-5.9],4.50371,3.35361,5.86205,,2021-02-09T16:49:10.21+01:00,2008,2008-01-01T00:00:00+01:00,2008-12-31T00:00:00+01:00
25337801,RS_198,COUNTRY,KIR,YEAR,2008,SEX,BTSX,,,,,,,2.0 [1.2-3.1],2.02511,1.19771,3.08153,,2021-02-09T16:52:38.957+01:00,2008,2008-01-01T00:00:00+01:00,2008-12-31T00:00:00+01:00
25344109,RS_198,COUNTRY,LCA,YEAR,2008,SEX,BTSX,,,,,,,3.5 [2.7-4.5],3.52918,2.70729,4.4974,,2021-02-09T16:55:01.093+01:00,2008,2008-01-01T00:00:00+01:00,2008-12-31T00:00:00+01:00
25352166,RS_198,COUNTRY,MDV,YEAR,2008,SEX,BTSX,,,,,,,2.1 [1.4-3.0],2.06369,1.35967,2.97453,,2021-02-09T16:58:06.833+01:00,2008,2008-01-01T00:00:00+01:00,2008-12-31T00:00:00+01:00
25355805,RS_198,COUNTRY,MLT,YEAR,2008,SEX,BTSX,,,,,,,4.3 [3.3-5.5],4.32129,3.31854,5.48285,,2021-02-09T16:59:29.117+01:00,2008,2008-01-01T00:00:00+01:00,2008-12-31T00:00:00+01:00
25367478,RS_198,COUNTRY,NLD,YEAR,2008,SEX,BTSX,,,,,,,4.7 [4.0-5.4],4.66559,4.01043,5.38898,,2021-02-09T17:04:09.13+01:00,2008,2008-01-01T00:00:00+01:00,2008-12-31T00:00:00+01:00
25396302,RS_198,COUNTRY,SWE,YEAR,2008,SEX,BTSX,,,,,,,4.8 [4.1-5.6],4.77472,4.05059,5.56861,,2021-02-09T17:15:33.247+01:00,2008,2008-01-01T00:00:00+01:00,2008-12-31T00:00:00+01:00
25309003,RS_198,COUNTRY,FSM,YEAR,2007,SEX,BTSX,,,,,,,2.9 [1.7-4.4],2.87241,1.6644,4.41508,,2021-02-09T16:41:16.803+01:00,2007,2007-01-01T00:00:00+01:00,2007-12-31T00:00:00+01:00
25328792,RS_198,COUNTRY,ISL,YEAR,2007,SEX,BTSX,,,,,,,4.9 [3.7-6.4],4.92545,3.67103,6.36933,,2021-02-09T16:49:10.663+01:00,2007,2007-01-01T00:00:00+01:00,2007-12-31T00:00:00+01:00
25352198,RS_198,COUNTRY,MDV,YEAR,2007,SEX,BTSX,,,,,,,3.6 [2.4-5.2],3.58505,2.35538,5.18778,,2021-02-09T16:58:07.463+01:00,2007,2007-01-01T00:00:00+01:00,2007-12-31T00:00:00+01:00
25355804,RS_198,COUNTRY,MLT,YEAR,2007,SEX,BTSX,,,,,,,3.9 [3.0-5.0],3.92297,3.03604,4.95518,,2021-02-09T16:59:29.1+01:00,2007,2007-01-01T00:00:00+01:00,2007-12-31T00:00:00+01:00
25367461,RS_198,COUNTRY,NLD,YEAR,2007,SEX,BTSX,,,,,,,4.9 [4.3-5.7],4.94346,4.25039,5.70275,,2021-02-09T17:04:08.77+01:00,2007,2007-01-01T00:00:00+01:00,2007-12-31T00:00:00+01:00
25263079,RS_198,COUNTRY,ATG,YEAR,2006,SEX,BTSX,,,,,,,2.4 [1.7-3.1],2.36902,1.73641,3.13215,,2021-02-09T16:22:34.827+01:00,2006,2006-01-01T00:00:00+01:00,2006-12-31T00:00:00+01:00
25308974,RS_198,COUNTRY,FSM,YEAR,2006,SEX,BTSX,,,,,,,1.9 [1.1-2.9],1.898,1.10489,2.90648,,2021-02-09T16:41:16.19+01:00,2006,2006-01-01T00:00:00+01:00,2006-12-31T00:00:00+01:00
25318901,RS_198,COUNTRY,GTM,YEAR,2006,SEX,BTSX,,,,,,,4.6 [3.6-5.9],4.61297,3.58478,5.85225,,2021-02-09T16:45:19.447+01:00,2006,2006-01-01T00:00:00+01:00,2006-12-31T00:00:00+01:00
25352180,RS_198,COUNTRY,MDV,YEAR,2006,SEX,BTSX,,,,,,,2.5 [1.6-3.6],2.47013,1.62014,3.5864,,2021-02-09T16:58:07.117+01:00,2006,2006-01-01T00:00:00+01:00,2006-12-31T00:00:00+01:00
25355762,RS_198,COUNTRY,MLT,YEAR,2006,SEX,BTSX,,,,,,,2.5 [1.9-3.1],2.46105,1.93009,3.07082,,2021-02-09T16:59:28.22+01:00,2006,2006-01-01T00:00:00+01:00,2006-12-31T00:00:00+01:00
25263110,RS_198,COUNTRY,ATG,YEAR,2005,SEX,BTSX,,,,,,,0.0 [0.0-0.0],0.0,0.0,0.0,,2021-02-09T16:22:35.66+01:00,2005,2005-01-01T00:00:00+01:00,2005-12-31T00:00:00+01:00
25309005,RS_198,COUNTRY,FSM,YEAR,2005,SEX,BTSX,,,,,,,0.0 [0.0-0.0],0.0,0.0,0.0,,2021-02-09T16:41:16.85+01:00,2005,2005-01-01T00:00:00+01:00,2005-12-31T00:00:00+01:00
25318903,RS_198,COUNTRY,GTM,YEAR,2005,SEX,BTSX,,,,,,,4.4 [3.4-5.5],4.37537,3.3954,5.5345,,2021-02-09T16:45:19.48+01:00,2005,2005-01-01T00:00:00+01:00,2005-12-31T00:00:00+01:00
25355772,RS_198,COUNTRY,MLT,YEAR,2005,SEX,BTSX,,,,,,,4.2 [3.3-5.2],4.20107,3.29285,5.22899,,2021-02-09T16:59:28.44+01:00,2005,2005-01-01T00:00:00+01:00,2005-12-31T00:00:00+01:00
25263089,RS_198,COUNTRY,ATG,YEAR,2004,SEX,BTSX,,,,,,,2.5 [1.9-3.3],2.4892,1.88398,3.25394,,2021-02-09T16:22:35.14+01:00,2004,2004-01-01T00:00:00+01:00,2004-12-31T00:00:00+01:00
25308987,RS_198,COUNTRY,FSM,YEAR,2004,SEX,BTSX,,,,,,,4.7 [2.8-7.2],4.68938,2.83395,7.16747,,2021-02-09T16:41:16.487+01:00,2004,2004-01-01T00:00:00+01:00,2004-12-31T00:00:00+01:00
25317972,RS_198,COUNTRY,GRD,YEAR,2004,SEX,BTSX,,,,,,,1.9 [1.4-2.6],1.9167,1.39923,2.57313,,2021-02-09T16:44:50.843+01:00,2004,2004-01-01T00:00:00+01:00,2004-12-31T00:00:00+01:00
25318890,RS_198,COUNTRY,GTM,YEAR,2004,SEX,BTSX,,,,,,,5.0 [3.8-6.3],4.95432,3.84663,6.2555,,2021-02-09T16:45:19.057+01:00,2004,2004-01-01T00:00:00+01:00,2004-12-31T00:00:00+01:00
25352186,RS_198,COUNTRY,MDV,YEAR,2004,SEX,BTSX,,,,,,,1.6 [1.0-2.4],1.60635,1.03439,2.35762,,2021-02-09T16:58:07.227+01:00,2004,2004-01-01T00:00:00+01:00,2004-12-31T00:00:00+01:00
25355787,RS_198,COUNTRY,MLT,YEAR,2004,SEX,BTSX,,,,,,,3.5 [2.7-4.3],3.4755,2.72033,4.32482,,2021-02-09T16:59:28.74+01:00,2004,2004-01-01T00:00:00+01:00,2004-12-31T00:00:00+01:00
25317968,RS_198,COUNTRY,GRD,YEAR,2003,SEX,BTSX,,,,,,,1.9 [1.4-2.6],1.92302,1.41409,2.5582,,2021-02-09T16:44:50.767+01:00,2003,2003-01-01T00:00:00+01:00,2003-12-31T00:00:00+01:00
25318880,RS_198,COUNTRY,GTM,YEAR,2003,SEX,BTSX,,,,,,,4.9 [3.8-6.2],4.87981,3.79801,6.15419,,2021-02-09T16:45:18.817+01:00,2003,2003-01-01T00:00:00+01:00,2003-12-31T00:00:00+01:00
25352183,RS_198,COUNTRY,MDV,YEAR,2003,SEX,BTSX,,,,,,,0.7 [0.4-1.0],0.66076,0.42463,0.9682,,2021-02-09T16:58:07.163+01:00,2003,2003-01-01T00:00:00+01:00,2003-12-31T00:00:00+01:00
25355761,RS_198,COUNTRY,MLT,YEAR,2003,SEX,BTSX,,,,,,,4.5 [3.5-5.6],4.49037,3.5073,5.61865,,2021-02-09T16:59:28.203+01:00,2003,2003-01-01T00:00:00+01:00,2003-12-31T00:00:00+01:00
25263084,RS_198,COUNTRY,ATG,YEAR,2002,SEX,BTSX,,,,,,,2.6 [1.9-3.4],2.55434,1.91569,3.36533,,2021-02-09T16:22:34.967+01:00,2002,2002-01-01T00:00:00+01:00,2002-12-31T00:00:00+01:00
25318911,RS_198,COUNTRY,GTM,YEAR,2002,SEX,BTSX,,,,,,,4.8 [3.8-6.1],4.82437,3.78551,6.07165,,2021-02-09T16:45:19.637+01:00,2002,2002-01-01T00:00:00+01:00,2002-12-31T00:00:00+01:00
25352168,RS_198,COUNTRY,MDV,YEAR,2002,SEX,BTSX,,,,,,,2.0 [1.3-3.0],2.03953,1.29697,3.00689,,2021-02-09T16:58:06.88+01:00,2002,2002-01-01T00:00:00+01:00,2002-12-31T00:00:00+01:00
25355807,RS_198,COUNTRY,MLT,YEAR,2002,SEX,BTSX,,,,,,,4.0 [3.1-5.0],4.01284,3.14775,4.99676,,2021-02-09T16:59:29.15+01:00,2002,2002-01-01T00:00:00+01:00,2002-12-31T00:00:00+01:00
25414269,RS_198,COUNTRY,VCT,YEAR,2002,SEX,BTSX,,,,,,,4.6 [3.5-6.1],4.62556,3.46536,6.06092,,2021-02-09T17:22:30.91+01:00,2002,2002-01-01T00:00:00+01:00,2002-12-31T00:00:00+01:00
25352214,RS_198,COUNTRY,MDV,YEAR,2001,SEX,BTSX,,,,,,,0.7 [0.4-1.0],0.69855,0.43848,1.0374,,2021-02-09T16:58:07.79+01:00,2001,2001-01-01T00:00:00+01:00,2001-12-31T00:00:00+01:00
25355780,RS_198,COUNTRY,MLT,YEAR,2001,SEX,BTSX,,,,,,,4.8 [3.7-6.0],4.79406,3.72923,6.0237,,2021-02-09T16:59:28.597+01:00,2001,2001-01-01T00:00:00+01:00,2001-12-31T00:00:00+01:00
25317984,RS_198,COUNTRY,GRD,YEAR,2000,SEX,BTSX,,,,,,,4.9 [3.6-6.4],4.86206,3.5595,6.44227,,2021-02-09T16:44:51.08+01:00,2000,2000-01-01T00:00:00+01:00,2000-12-31T00:00:00+01:00
25352199,RS_198,COUNTRY,MDV,YEAR,2000,SEX,BTSX,,,,,,,1.8 [1.1-2.7],1.78958,1.11411,2.66976,,2021-02-09T16:58:07.48+01:00,2000,2000-01-01T00:00:00+01:00,2000-12-31T00:00:00+01:00
25355792,RS_198,COUNTRY,MLT,YEAR,2000,SEX,BTSX,,,,,,,4.6 [3.6-5.7],4.5726,3.58606,5.71652,,2021-02-09T16:59:28.837+01:00,2000,2000-01-01T00:00:00+01:00,2000-12-31T00:00:00+01:00
25414308,RS_198,COUNTRY,VCT,YEAR,2000,SEX,BTSX,,,,,,,4.6 [3.5-6.0],4.63878,3.47366,6.03326,,2021-02-09T17:22:31.773+01:00,2000,2000-01-01T00:00:00+01:00,2000-12-31T00:00:00+01:00
